Word,Clue
BASEBALLBAT,You can't leave home with it
PUTALIDONIT,"""Quiet!,"" rudely"
ACUTEACCENT,Bit of décor?
GODIHOPENOT,"""Heaven forbid!"""
ROTTENAPPLE,"<em>""My iPhone never works!""</em>"
CLAUDEMONET,Painter whose cataract surgery allowed him to see and paint in ultraviolet
BOWLINGLANE,Where you might get the ball rolling
THEARTOFWAR,"Classic work with chapters titled ""Attack by Stratagem"" and ""Maneuvering an Army"""
IMAGINETHAT,"""Well, there's a surprise!"""
SILVERBELLS,"Christmas classic covered by Bing Crosby and Bob Dylan, among others"
ONTHEDOUBLE,"""Hurry up!"" to a batter?"
GETCRACKING,"""Hurry up!"" to an omelet chef?"
REHABCENTER,Addiction treatment locale
THATSABIGIF,Exclamation upon seeing this puzzle
TELEKINESIS,Brain power
SCARETACTIC,Strategy that stokes fear
CANYOUDIGIT,"""Capisce?,"" in '70s slang"
PALEBLUEDOT,*Iconic photograph taken by Voyager 1 at the request of Carl Sagan
GOOGLEEARTH,*Computer program that blurs out military installations
PLANETARIUM,*Facility where things are always looking up?
TWOTHUMBSUP,"""Siskel & Ebert & the Movies"" catchphrase"
FINALANSWER,"""Who Wants to Be a Millionaire"" catchphrase"
GREASEPAINT,It might be put on for stage PAGEANTRIES
CALLIGRAPHY,Writing done GRAPHICALLY
BLANKCANVAS,Artist's starting place
DOUBLECROSS,Betray ... or a hint to four answers in this puzzle
POPAWHEELIE,Be up for some biking?
EIGHTYEIGHT,Grand total?
NIGHTYNIGHT,"""Don't let the bedbugs bite!"""
MONSTERMASH,"Classic song that starts ""I was working in the lab late one night"" [2003, 1970]"
GRASSHOPPER,"Southern cocktail made with crème de menthe, crème de cacao and cream"
BLANKETTOSS,High-flying picnic game
JIMMORRISON,"Rock star who wrote the poetry collection ""The American Night"""
EYEINTHESKY,Observation satellite
COMICRELIEF,Jester's emotion after the king's laughter?
HAMOPERATOR,Radio amateur
NIPINTHEBUD,"Put an early stop to, literally"
PIEINTHESKY,"Unrealistic, as wishes, literally"
INDIGOGIRLS,Popular folk rock duo
IHAVENOCLUE,"""Beats me!"""
PASSTHEBUCK,Shift blame to someone else
GOLDENSPIKE,Finishing touch on the first transcontinental railroad
QUINCEANERA,15th birthday celebration
MEDICINEHAT,Alberta city named for an eagle-feather headdress
PACESETTERS,"""Rabbits"" in a race"
MEANSTREETS,Scorsese film added to the National Film Registry in 1997
COUCHPOTATO,TV addict
STOOLPIGEON,Blabbing informant
DOUBLEAGENT,Spy with questionable loyalty
HEARTHSTONE,*Online card game with over 100 million players
CHERRYSTONE,*Pit that's spit
CORNERSTONE,*Vital piece
NARCOLEPTIC,"Quick to fall asleep, in a way"
RHEAPERLMAN,"Four-time Emmy winner from Coney Island, N.Y."
KNUCKLEHEAD,Dummy
SPOILEDBRAT,Rotten kid
PRIVATEEYES,Detectives
LAPOFLUXURY,Very easy living
WATERHAZARD,"Where many a drive ends, unfortunately"
CHECKPLEASE,Restaurant request
POINTOFVIEW,Take
KRISKRINGLE,Stocking stuffer
SEANCONNERY,"*1962-67, 1971, 1983"
DANIELCRAIG,*2006-present
TROJANHORSE,"Malicious ""gift"""
MOUNTAINDEW,Beverage brand whose first mascot was Willy the Hillbilly
THEWESTWING,Onetime TV political drama set in Washington
SINGLESBARS,Result of a merger between Kraft and Hershey's?
POLOGROUNDS,Result of a merger between Ralph Lauren and Starbucks?
PEBBLEBEACH,California golf resort that has hosted six U.S. Opens
EASTERBUNNY,Animal that produces eggs once a year
ACHORUSLINE,"Show that opens with ""I Hope I Get It"""
UNDERTHESEA,"Oscar winner from ""The Little Mermaid"" for Best Original Song"
MISEENSCENE,"Staging and design, to a dramaturge"
ULTRAVIOLET,Just beyond the visible spectrum
TINPANALLEY,Manhattan strip synonymous with the golden age of American songwriting
DOLLYPARTON,"If you think country singers can't do hair, you haven't seen ___"
GOLDENEAGLE,Large bird of prey with a brownish-yellow neck
PRICKLYPEAR,Cactus with an edible fruit
RATTLESNAKE,Venomous predator with a vibrating tail
IMEANCOMEON,"""Oh, gimme a break!"""
ROMANEMPIRE,"Cassius Dio said it went ""from a kingdom of gold to one of rust and iron"""
CRASHHELMET,Motorcyclist's wear
SPARETHEROD,Start of a saying about parental discipline
ADOBEREADER,Page-previewing program
DRAFTCHOICE,Lager or I.P.A.?
STOCKOPTION,Chicken broth or beef bouillon?
SPACENEEDLE,"*Seattle, 1962"
EIFFELTOWER,"*Paris, 1889"
FERRISWHEEL,"*Chicago, 1893"
RAWRECRUITS,New members of the nudist club?
COMICSTRIPS,What happens in the stand-up show at the nudist club?
BARBARABUSH,Former first and second lady
DREADNOUGHT,W.W. I-era battleship
GIMMEABREAK,"""Jeez, lighten up, will ya!"""
OUTOFPOCKET,Like medical expenses you pay for yourself
ALPHAFEMALE,Leading lady?
EXTRACREDIT,Student's bonus points
COFFEETABLE,Where magazines may be laid out
BORSCHTBELT,"Once-popular resort area in the Catskills, informally"
COVERLETTER,Resume go-with
WHEREWEREWE,Post-interruption question
BORNANDBRED,"Fully from, as a place"
WONDERWOMAN,Co-founder of the Justice League
SHORTANSWER,Kind of test question
CRYSTALBALL,Clairvoyant's accessory
PORTERHOUSE,Cut above the rest?
BOOMANDBUST,Business partners
IDLECHATTER,Activity by the water cooler
NOTBADATALL,"""Better than I expected!"""
SLICEDBREAD,Wonder-ful product?
ETCHASKETCH,"Toy that was originally called ""L'Ecran Magique"" (""The Magic Screen"")"
CHATTYCATHY,"Toy with 18 spoken phrases, including ""I love you"" and ""May I have a cookie?"""
UNDERTHESUN,Where a Baltimore news reader's desk might be found?
SILICONCHIP,Siding?
BOILERPLATE,Standard contract text
AGORAPHOBIA,Fear of public places
NATALIECOLE,"""Unforgettable ... With Love"" Grammy recipient"
THELASTWORD,Final remark in an argument
CHAINLETTER,Psst! Don't pass it on!
CRASHCOURSE,Quick study
PLANETEARTH,You are here
FORALLICARE,Part of an apathetic remark
EMPTYNESTER,"Macaw, Tern"
WARTSANDALL,"... the critics loved the witch's performance, ___"
EMPIRESTATE,"Locale of Kings County and Queens County, fittingly"
SPARECHANGE,*When many people solve crosswords
TIMEISMONEY,Benjamin Franklin adage ... or a hint to interpreting the answers to the four starred clues
GRABCONTROL,Stage a coup
PRIDEPARADE,N.Y.C. event on the last Sunday in June
WHITEKNIGHT,One rushing in to save the day
LIEDETECTOR,Kind of test with unproven accuracy
TENFOOTPOLE,Staff you wouldn't want to employ?
DROPTHEBALL,Blow it
EINSTEINIUM,"99, in chemistry"
BANANAPEELS,Some slapstick props
SUMMERFLING,"*Something reminisced about in the movie ""Grease"""
CATCHPHRASE,Popular expression ... or what the opposite of the answer to each starred clue is?
GROUNDCHUCK,*Some hamburger meat
RODESHOTGUN,Traveled in the front passenger seat
RHONEVALLEY,Famed French wine region
SLYSTALLONE,"Actor with a ""Rocky"" performance, familiarly"
ONCLOUDNINE,Sent
LIQUIDASSET,"Cash or stock, e.g."
FALLINGRAIN,Danger when walkin' in a silo?
PREVENTABLE,Like something that really shouldn't have happened
ALECBALDWIN,"Two-time Emmy winner for ""30 Rock"""
TEXASHOLDEM,Alternative to five-card draw
SPACECADETS,M i l i t a r y &nbsp; t r a i n e e s
GINGERSNAPS,Actress Rogers flips out?
NONSEQUITUR,It doesn't follow
SCOUTSHONOR,Swear words?
ESCAPEROUTE,Part of an exit strategy
IRISHCOFFEE,"Joe and Jack, say?"
IRONCURTAIN,"""Barrier"" dismantled in 1991"
MARIACALLAS,Tony soprano?
SHESALLTHAT,1999 rom-com with Freddie Prinze Jr. and Rachael Leigh Cook
YOURETHETOP,"""Anything Goes"" song"
MUHAMMADALI,"Sports Illustrated named him ""Sportsman of the Century"" in 1999"
STAIRMASTER,What can help you step up your workout routine?
PURPLEHEART,*Military medal
OFFHANDEDLY,"""I've learned my lesson about feeding the tigers,"" said Tom ___"
FASHIONISTA,"Anna Wintour, e.g."
HORSDOEUVRE,"Canape, e.g."
ACEHARDWARE,Competitor of Home Depot and Lowe's
ARSENIOHALL,"Talk show host who won a season of ""Celebrity Apprentice"""
SATELLITETV,Service that's out of this world?
RHETTBUTLER,Speaker of the #1 quote on A.F.I.'s list of the 100 greatest movie quotes
INDEXFINGER,What one might be represented by
CAPTAINHOOK,Nickname for a duffer who can't hit straight?
DROPMEALINE,"""Don't be a stranger!"" ... or what you have to do three times in this puzzle"
INANINSTANT,Faster than you can say Jack Robinson
SPLITSCREEN,Like many TV news interviews
PIECEOFCAKE,"""No problemo!"""
REALTROOPER,One who doesn't give up
NOTELLMOTEL,Tryst locale
CLAMCHOWDER,"Manhattan, for one"
CUTTINGEDGE,State-of-the-art
JUNECLEAVER,"Barbara Billingsley, on ""Leave It to Beaver"""
SEARCHPARTY,The Google employees met at a ...
APPALLAPAUL,Greatly dismay one of the Beatles?
MEDGAREVERS,Civil rights activist buried in Arlington National Cemetery
PRIDEANDJOY,"Child, to doting parents"
SHOCKANDAWE,Strategy during the 2003 invasion of Iraq
SEATTLESLEW,Triple Crown winner of 1977
CARAMELCORN,Carnival bagful
SWEPTASHORE,Like some flotsam
ZONEDEFENSE,Strategy used in basketball and football
ANNIEOAKLEY,Shooting star?
SIMONEBILES,Gold star?
SNAPOUTOFIT,"""Get real, for heaven's sake!"""
BARRELOFFUN,"Carnival or circus, so to speak"
HOPEDIAMOND,45 1/2-carat gem at the National Museum of Natural History [Rhode Island]
FORWARDPASS,QB's downfield throw [Wisconsin]
RUNNERSHIGH,"It's a rush, appropriately enough"
KEYSTONEKOP,Incompetent figure of old slapstick
ROLLTHEDICE,Take a chance ... or a hint to the letters in the shaded squares
CITIZENKANE,<span>&#x1F4F0; &#x1F4B0; &#x1F6F7;</span>
MARYPOPPINS,<span>&#x2602;&#xFE0F; &#x1F45C; &#x1F3A0;</span>
TAYLORSWIFT,*Singer with the most American Music Awards of all time (29)
MARIONCRANE,"*Janet Leigh played her in ""Psycho"""
GENERATIONY,"So-called ""millennials"""
YOSEMITESAM,"*Quick-tempered, gun-toting, rabbit-hating toon"
SKINNYJEANS,*Looks that can be difficult to pull off
EVERANDANON,"Once in a while, poetically"
EMILYBRONTE,One-third of a literary trio
RELEASEDATE,Launch time
KICKSTARTER,Site of many pitches
AFRICANLION,Safari sighting [Golden State]
AVOCADOROLL,Sushi bar offering [Centennial State]
STAGFLATION,Economic lose-lose
WETHEPEOPLE,Lead-in to some important articles?
CROPCIRCLES,"Signs in the 2002 sci-fi film ""Signs"""
TAKEREVENGE,Retaliate
THEDARKSIDE,Where Darth Vader gets his strength ... or what eight answers in this puzzle share
WINETASTERS,They appreciate a nice bouquet
GRACIEALLEN,Comic foil of early TV
DELICOUNTER,Place for cold cuts
REDHERRINGS,"Nervous witnesses in mystery novels, often"
KRISTENWIIG,"""S.N.L."" alum who co-starred in 2016's ""Ghostbusters"""
NINTENDOWII,Game console introduced in 2006
BETARELEASE,Patchwork?
BAREMINIMUM,Smallest possible amount
RHODEISLAND,... It abuts water on only one of its four sides
ENGLISHHORN,... It's a woodwind from Central Europe
YACKETYYACK,Gab
USEDVEHICLE,It has some miles on it
SHOREPATROL,Petty officers on police duty while a ship is in port
THEBIGAPPLE,New York City
SINGAPOREAN,Native of the Lion City
BULLYPULPIT,Prominent position from which to pontificate
CATTYCORNER,In a diagonal position (to)
BREAKINGBAD,Taming wild horses: D-
DEBTCEILING,Certain legislative limit
ELECTRICFAN,Cooler filled with juice?
DOUBLEBLIND,Kind of experiment ... or a hint to 10 Down answers in this puzzle
NOTHINGTOIT,"... ""Piece of cake!"""
GEORGEBURNS,Comedian who'd make a good pyrotechnician?
JEREMYIRONS,Actor who'd make a good dry cleaner?
SKELETONKEY,It can open a lot of doors for you
SQUAREROOTS,Some Down answers in this puzzle
DAILYMIRROR,London tabloid that Piers Morgan once headed
BLACKMIRROR,Sci-fi anthology series on Netflix
NOTTINGHILL,1999 rom-com with Julia Roberts and Hugh Grant
BEERBARRELS,Stock in a brewery
ERINGOBRAGH,Mid-March shout
SHOWMESTATE,"Missouri, with ""the"""
OVERTHEMOON,Like a happy astronaut?
STRIKEZONES,Perfect places for bowlers to aim?
ROLLERSKATE,... the gal who spends all day at the hairdresser
PURPLEPROSE,Excessively ornate writing
JAMESTAYLOR,Soft-rock singer who received Kennedy Center Honors in 2016
RENELACOSTE,French tennis player and fashion icon
CAPITALCITY,What a star may represent
LUCILLEBALL,"TV star with a museum in Jamestown, N.Y. [4]"
SANTAMONICA,West Coast city with a popular pier
ARCTICOCEAN,Habitat for a walrus
SHADOWBOXER,Air-punching pugilist
SELENAGOMEZ,"Singer with the #1 albums ""Stars Dance"" (2013) and ""Revival"" (2015)"
LASTTOLEAVE,Person tasked with locking up
ALLTHATJAZZ,So on and so forth
RUMMAGESALE,Yard event to clear out the attic
IMABELIEVER,Advice for how the pope can reach out online?
DARLENELOVE,Singer seen annually on David Letterman's Christmas show
DONEANDDONE,"""Say no more - I'm on it"""
HARUMSCARUM,Devil-may-care
BEATLEMANIA,"""Affliction"" suffered by Fab Four devotees"
SPRINGFEVER,"""Affliction"" suffered by the winter-weary"
ENDORSEMENT,Signature
URBANLEGEND,Often-repeated bit of modern folklore
LITMUSTESTS,Decisively indicative questions
STPAULIGIRL,"Popular product of Bremen, Germany, not sold in Germany"
THELIONKING,Disney movie released in June 1994
FLORIDAKEYS,Archipelago forming the southernmost part of the continental U.S.
JACKSONHOLE,Peter ... / Rabbit ...
HORRORSTORY,Tale that might feature a haunted house
AVOTRESANTE,French toast
SEEYOULATER,"""Peace out"""
ITCOULDNTBE,"""That's impossible!"""
DEPECHEMODE,Decades-old synth-pop group named for a fashion magazine
TABLETENNIS,Olympic sport since 1988
GREENGOBLIN,Spider-Man's archenemy
ASTARISBORN,2018 Oscar-nominated picture whose soundtrack sold over one million copies
WONONPOINTS,"Was barely victorious, as in boxing"
NOTABADIDEA,"""Pretty good thinking ..."""
TREASUREMAP,"Prop in ""Raiders of the Lost Ark"""
PIERCEARROW,Luxury car of the early 20th century
FROST/NIXON,2008 movie starring Michael Sheen and Frank Langella
RAISINGCAIN,Up to no good
NAPOLEONIII,Youngest French president before Macron
ATOMSMASHER,The world's largest one straddles the border of France and Switzerland
PANICATTACK,*Flop sweat producer
LIKEYOUKNOW,*Scoffing remark to an ignoramus
KNOCKEMDEAD,"""Show the world what you've got!"""
PRNIGHTMARE,Big hassle for an agency
CLAIMTOFAME,Defining accomplishment
ESPRESSOBAR,Place for hot shots
GRAPELEAVES,*They get stuffed at Greek restaurants
ORANGEPEELS,*Garnishes for old-fashioneds
COLBERTBUMP,Boost after appearing on a certain old Comedy Central show
ISTHATAFACT,Copy editor
LEADBALLOON,Complete failure
BLOODVESSEL,Needle point?
PARADEFLOAT,"At the ice cream parlor, the grand marshal ordered a ..."
TRAFFICCONE,The crossing guard ordered a ...
ABSTRACTART,What may be created using the answers to the six starred clues?
ICANSEETHAT,"""Obviously!"""
RIGHTONTIME,Promptly
IMEANREALLY,"""Are you kidding me?!"""
POPQUESTION,Impetus behind a paternity test?
TIMEMACHINE,Fantastic means of travel
ANIMALHOUSE,Movie that really should have featured Nicolas Cage?
JUDYGARLAND,First female recipient of the Cecil B. DeMille lifetime achievement award in film
BEERGOGGLES,Drinking glasses?
WHERESWALDO,1987 children's best seller
TRAILBLAZER,Proper attire for picking up a series of clues?
BLACKFRIDAY,What follows Thanksgiving
WAYNESWORLD,"1992 comedy based on a long-running ""S.N.L."" sketch"
NEDFLANDERS,"""Hi-diddly-ho!"" speaker on TV"
KISSGOODBYE,"Accept the sudden loss of, as an opportunity"
GROUNDSCREW,Baseball field maintainers
OREGONTRAIL,Path for Western settlers
PATRONSAINT,"Joseph, to the Catholic Church"
AIDESDECAMP,Military assistants
SEEDOYSTERS,Base of some aquaculture farms
LITTERBOXES,"Places where some house pets ""go,"" in both this puzzle and real life"
KITTYCORNER,Diagonally ... or a hint to four of this puzzle's squares
SIMPLESIMON,Nursery rhyme character who met a pieman
ODDSANDENDS,13579 AZ
POWEROUTAGE,*Reason for resetting a digital clock
SUPERBOWLAD,Famously expensive commercial
PETSEMATARY,Stephen King novel with a misspelling in the title
DEEDEEMYERS,"Press secretary who inspired C. J. Cregg of ""The West Wing"""
OLIVEGARDEN,"Restaurant chain with a ""never-ending pasta bowl"""
MEREMORTALS,People vis-a-vis gods
RIDESHOTGUN,Not be in the driver's seat
ASEASYASABC,Simple
SOHELPMEGOD,Swear words?
SAFECRACKER,Heist figure ...
QUEENOFMEAN,Epithet for Leona Helmsley
KINGSOLOMON,Builder of Israel's first temple
CHARLIEROSE,Talk show host named in the #MeToo movement
HUNTANDPECK,Type unprofessionally
ENGLISHROSE,Epithet for a British beauty with fair skin
TOTALRECALL,Result of a photographic memory
ROLLOVERIRA,Option for moving an investment
TENTHINNING,Bonus in baseball
SITTINGDUCK,Defenseless target
CONANOBRIEN,Longtime talk show host with a degree from Harvard
STEVEMARTIN,Comedian Carell + comedian Short = comedian ___
LONDONBROIL,Meat entree in the United Kingdom
SECRETSAUCE,"""Ingredient"" of success"
MADSCRAMBLE,DAM
DAILYJUMBLE,LYDIA
BLASTINGCAP,Article of headwear for an explosives engineer?
THREEWAYTIE,Article of neckwear for the Stooges?
HOTDOGSTAND,"Simple business, frankly speaking?"
SPLITSVILLE,Where a rocky relationship may end
IHEARTRADIO,Music-streaming giant
CAMERAREADY,"Photogenic, informally"
GENETICCODE,Part of what makes you you
EVALONGORIA,"""Desperate Housewives"" co-star"
CHEESECURLS,Arm exercise at a dairy farm?
PEASANTARMY,"Militia of farmers, e.g."
PRIMENUMBER,"3, 5 or 7, but not 9"
BLOCKLETTER,Big character?
PASSINGLANE,It's left on a highway ... or a path used by five answers in this puzzle?
CONSTANTINE,Emperor who called the First Council of Nicaea
CALLTOORDER,"Start, as a meeting"
MADMAGAZINE,"Pac-Man was its ""Man of the Year"" in 1982"
TRANSGENDER,"Taking on a new identity, in a way"
PIANOSONATA,One of 32 for Beethoven
SPIDEYSENSE,"Intuition, jocularly"
CEMENTSHOES,The last pair you'll ever wear?
FALSEBOTTOM,Where the magician hides the rabbit
HORSEHOCKEY,"""Balderdash!"""
PTAMEETINGS,They're usually held on school nights
EXTRACHEESE,Pizzeria order
ENDLESSLOOP,Code violation requiring an emergency exit?
HIGHFALUTIN,Fancy-pants
OPENANDSHUT,Easily decided
LEGALBRIEFS,Underwear for judges?
DISCJOCKEYS,Underwear for Frisbee enthusiasts?
MOVIESHORTS,Underwear for actors?
UPSANDDOWNS,Fickleness of life
GENETHERAPY,Procedure that targets mutations
ESTATESALES,Events of interest to antiquers
GREATDIVIDE,Passage between life and death
PICKUPSTEAM,Bad thing to see under a truck's hood?
WALKONWATER,Unrecruited athlete's bottleful?
SILENTNIGHT,"Song whose first verse ends ""Sleep in heavenly peace"""
BARBARAEDEN,"""Jeannie Out of the Bottle"" memoirist"
CITYSLICKER,Country bumpkin's counterpart
SMARTYPANTS,Know-it-all
IPCRESSFILE,"1965 Michael Caine spy thriller, with ""The"""
FRONTRUNNER,Political leader?
POTATOCHIPS,Snack items
IRAROLLOVER,Option when changing jobs
PIRATERADIO,Offshore waves?
CANTILEVERS,Projecting beams on a bridge
NAMEDROPPER,Supercilious sort ... or the title for this puzzle
EXTRAVIRGIN,Like high-quality olive oil
LOTUSEATERS,Lackadaisical sorts
JACKSPARROW,"Johnny Depp's Oscar-nominated role in ""Pirates of the Caribbean"""
MARISATOMEI,"""It's-a me, Mario!"""
AREACODEMAP,Feature in a telephone directory
HOUSEBROKEN,Like most pet dogs ... or a hint to this puzzle's circled letters
URBANSPRAWL,Growing problem in cities?
THEBIGCHILI,Friends gather for a funeral ... AND COOK UP AN ENORMOUS STEW!
MAKESAUTURN,Reverses course
QUARTERTONE,Half of a half step in music
HOMETHEATER,"Setup for a Netflix film, say"
BOSTONCREAM,Kind of pie that's actually a cake
IMIMPRESSED,"""Well done!"""
UNITEDFRONT,Alliance of groups against a common enemy
EGGMCMUFFIN,Croissan'wich alternative
LIGHTMYFIRE,The Doors torch song?
TOMATOPASTE,*Marinara sauce thickener
LUCYVANPELT,*Dispenser of psychiatric advice to Charlie Brown
TALLAHASSEE,Major U.S. city with three pairs of double letters in its name
SAYITAINTSO,"""Tell me the rumors are false!"""
PINTMEASURE,Pyrex glass marking
LINCOLNLOGS,Material for small buildings?
LOOSECANNON,Unpredictable sort
JUKEBOXHERO,"Foreigner song with the lyric ""With that one guitar / He'll come alive"""
PULPFICTION,1994 John Travolta film
MAINSQUEEZE,Steady
FINNISHLINE,"""We're getting close to the end as the car from Helsinki leads the way to the ___!"""
PHOTOFINISH,End of a close race
CAESARSALAD,"Dish made with romaine lettuce, croutons and Parmesan cheese"
TAKEANUMBER,Deli counter sign
VETERANSDAY,Time for remembrance
PESTCONTROL,Debugging?
PUSSYGALORE,1964 role for Honor Blackman
MARENOSTRUM,"The Mediterranean, to ancient Romans"
GUADALCANAL,1942-43 battle site
INNERBEAUTY,What kindness and honesty reveal
CHARMSCHOOL,Educational institution for witches?
WISDOMTEETH,Ones down in the mouth?
WILLIAMTELL,"Apple employer, once?"
ITSNOWONDER,"""I'm not at all surprised"""
TIMESSQUARE,"Facebook Status: ""10-9-8-7 ... Ringing in the New Year with 1,000,000 of my newest, closest friends!"""
CURTAINCALL,Decision to go with drapes instead of blinds?
SUMMERSTOCK,Accountant's shares in a company?
CHUMPCHANGE,A mere pittance
SUCKERPUNCH,Unexpected hit
GARAGESALES,Pre-moving day events
GIVEMEARING,"""Call sometime"""
ITSNOBIGGIE,"""Nothing to get worked up about"""
OVERTHEHUMP,No longer struggling
SANDGROUSES,Birds found in semideserts
MEDIAFRENZY,"Atmosphere around a celebrity trial, say"
WORLDSAPART,Like night and day
HORSEAROUND,Goof off
ADOLESCENTS,Minority group
LAYAWAYPLAN,The seller takes no interest in it
SMORGASBORD,Choice meal?
POSTERCHILD,Archetype
FDAAPPROVAL,Need for drugs
GRANDRAPIDS,Gerald Ford's hometown
PANDORASBOX,Don't open it!
LAMEBRAINED,None too smart
GOTOTHEDOGS,Completely fall apart
FITTOBETIED,What some wrap dresses are?
CUTANDDRIED,Like a model's hairstyle?
BESTMUSICAL,"Award for ""Hairspray"" but not ""Hair"""
ETPHONEHOME,Famous 1980s movie quote
THREEINAROW,"XXX, for example"
PLAINSPOKEN,Bluntly honest
HORNETSNEST,Dangerous situation
EVELKNIEVEL,Daredevil in the Motorcycle Hall of Fame
CANITRYSOME,"""Will you let me have a taste?"""
ICECUBETRAY,Freeze frame?
AIRFORCEONE,President's plane
ROASTTURKEY,Thanksgiving entree
LADYMADONNA,"""Hey Jude"" song that mentions every day of the week but Saturday"
ANDILOVEHER,"""A Hard Day's Night"" song that Lennon called McCartney's ""first 'Yesterday'"""
STRIKEFORCE,Military unit assembled for sudden attack
FOURCORNERS,Southwest tourist destination
COSMOKRAMER,"""Seinfeld"" character"
DONTBECRUEL,#1 Presley hit
DEERSTALKER,Part of Sherlock Holmes's attire
GENDERFLUID,Moving between male and female
HEATSENSORS,Toaster components
LORETTASWIT,"She had a ""major"" role on ""M*A*S*H"""
MYSWEETLORD,1970 Harrison song
ASEASYASPIE,"Simple, simple, simple"
FLORIDATECH,University in Melbourne
FLEXITARIAN,Occasional meat eater
CATSPAJAMAS,Living end
ALICEWALKER,"""Meridian"" and ""The Temple of My Familiar"" novelist"
MIDDLECLASS,Bourgeoisie
CRANKCALLER,"One asking for Ahmed Adoudi, say"
POLEVAULTER,One with a high bar to reach
PROTESTVOTE,"Support for a fringe candidate, maybe"
SAWEDINHALF,"Like some magicians' assistants, apparently"
WHISKEYSOUR,Drink often garnished with a cherry
PUPUPLATTER,Assortment of appetizers at a Polynesian or Chinese restaurant
NOISEMAKERS,Annual party favors
MARXBROTHER,"Any one of the stars of ""Duck Soup"""
STONECIRCLE,Druidic monument
PENNYARCADE,Retro amusement center
KISSMYGRITS,Sitcom catchphrase of the '70s and '80s
ZEROSUMGAME,"Situation in which, on the whole, nothing can be gained or lost"
BATTERYACID,"Coffee, in military slang"
PIECEOFWORK,Unpleasant sort
MATEFORLIFE,"Have an unchanging, monogamous relationship"
TICKETAGENT,Cite a chap for speeding?
NEWYORKCITY,Queens' place
NEARESTEXIT,Something to look for in an emergency
LEFTTORIGHT,"How people are usually listed in photo captions [phew, all done!]"
QUALITYTIME,*What a family spends together at the dinner table
TEXTMESSAGE,*Its arrival may be signaled by a ding
ANYTHINGBUT,"""Definitely not THAT!"""
INTERRACIAL,Like marriage supported by Loving v. Virginia
TOSSEDSALAD,Course that offers mixed results?
HAREBRAINED,Cockamamie
CHARTTOPPER,Hat for pop singer Corey?
RADIOGALAXY,Source of faraway X-rays
COVERCHARGE,"*Cost to enter a bar, maybe"
GREENSCREEN,Common film background
SECRETSANTA,Game for the gifted?
GRANDPOOBAH,CHEESE
FREDASTAIRE,"Santa player in ""The Man in the Santa Claus Suit"""
ELVINBISHOP,"""Fooled Around and Fell in Love"" hitmaker of 1976"
BOXERBRIEFS,Law documents concerning pugilists?
PARTINGSHOT,"End of a heated exchange, perhaps"
KNEESLAPPER,Really good joke
TORCHBEARER,"Muhammad Ali, for the 1996 Olympics"
PRIZEINSIDE,Cracker Jack come-on
RECORDLABEL,"RCA, for one"
EIGHTMENOUT,1988 film about the Black Sox scandal
POINSETTIAS,Traditional Christmas plants
TURNSIGNALS,Blinkers
BEAUXGESTES,Chivalrous deeds
GINGERBREAD,Material for a seasonal house
COLDHEARTED,Cruel
BARMITZVAHS,13 things?
CHEESEPIZZA,Basic order at Domino's
JUSTDESERTS,Comeuppance
NEWPORTNEWS,Virginia city known for its shipbuilding
DEADBATTERY,*Reason for jumper cables
BENCHWARMER,"*Athlete who ""rides the pine"""
MEMORYCHIPS,Data storage devices
SMARTCOOKIE,Bright sort
LONGSTEMMED,Like some wineglasses and roses
VICHYSSOISE,Creamy chilled soup
LEBRONJAMES,"N.B.A. M.V.P. who has hosted ""Saturday Night Live"""
DONTGOTHERE,"""Can we not talk about that!"""
OLIVEBRANCH,*Offer of reconciliation
COURTJESTER,"Rigoletto, for one"
BAKEDALASKA,Ice cream and sponge topped with meringue and placed in a very hot oven for a few minutes
PLUMPUDDING,"Steamed-for-hours, aged-for-months concoction of treacle, brandy, fruit and spices, set afire and served at Christmas"
ANDSOITGOES,Phrase of resignation
QUESERASERA,Phrase of resignation
ALTERNATIVE,Choice
ETONCOLLEGE,Historic institution on the Jubilee River
LEGSDIAMOND,Gangland rival of Dutch Schultz
BITTERENEMY,Archfoe
YELLOWSTONE,Home to more than half the world's active geysers
DAILYPLANET,"Newspaper with the headline ""Mystery Hero Saves Falling Space Plane"""
BLINDALLEYS,Many investigators' leads
AGENTORANGE,Weapon used in the Vietnam War
SOFTPRETZEL,"Hot, salty snack"
LIFEOFRILEY,[See circled letters]
SUPERSIZEME,*2004 documentary about fast food
WINESTEWARD,Port authority?
EXPOSTFACTO,"Retroactively, at law"
YCHROMOSOME,Male characteristic
WEATHERVANE,It's on the house
PEEWEEREESE,1940s-'50s Dodgers great who lent support to Jackie Robinson
DATEANDTIME,What MEDITATE can anagram to
KISSANDTELL,What SKILLETS can anagram to
SELFIESTICK,Something held at arm's length
AHEADOFTIME,"... ""two"" or ""face""?"
CESARROMERO,Hollywood star whose grandfather was the Cuban patriot Jose Marti
ESTREETBAND,Bruce Springsteen's group
PINACOLADAS,Tropical drinks often served with umbrellas
GALAXYQUEST,1999 parody featuring the starship Protector
PETESAMPRAS,"He said ""You kind of live and die by the serve"""
DELUXEMODEL,Provider of more bells and whistles
LILYMUNSTER,1960s sitcom matriarch
WAXESPOETIC,Uses flowery language
DINNERTABLE,Family gathering place
THATSAMORAY,"""Conger eel? Au contraire!"""
MARATHONMAN,1976 Dustin Hoffman thriller
RHYMESCHEME,"ABAB in a poem, e.g."
ISAKDINESEN,"Pen name of the female author of ""Out of Africa"""
GEORGEELIOT,"Pen name of the female author of ""Silas Marner"""
STEAMROLLER,Heavy vehicle that smooths a road surface
PALMREADING,Means of fortunetelling
SPREADSHEET,It has many cells
HOMOERECTUS,Distant ancestor
WATERSLIDES,Summer amusements ... or a literal description of three answers in this puzzle
TALKINGHEAD,Show authority?
SPANISHMAIN,Setting of many pirate stories
BACKCOUNTRY,Rural area ... or what can be found in each set of circled letters?
CRYMEARIVER,"""Oh, boo-hoo!"""
VIMANDVIGOR,Double life?
WILLACATHER,Pioneering woman in American literature?
SATINSHEETS,Elegant surroundings for kings and queens?
PRETTYPENNY,*Tidy sum
MICHELLEWIE,2014 U.S. Women's Open winner
BATTLEFIELD,"""Sally, keep up the fight!"""
MINUTESTEAK,Quick-cooking cut of meat
CHEERLEADER,One involved in a pyramid scheme?
ONETWOPUNCH,Back-to-back hits
GARTERSNAKE,Harmless slitherer
MUSICALNOTE,One added to the staff?
ALLABOUTEVE,1950 Bette Davis film hinting at something found 15 times in this puzzle
KLEPTOMANIA,Problem with lifting?
POKINGFUNAT,Teasing
XRATEDMOVIE,*Showing at an adult film theater
NOMDEGUERRE,"Carlos the Jackal, for one"
BENEDICTXVI,"His first tweet ended ""I bless all of you from my heart"""
CAMDENYARDS,Charm City landmark
NITTYGRITTY,"*Basics, informally"
CENTERFIELD,Baseball position ... or a description of each group of circled letters?
NOMONEYDOWN,Offer of free pillow fill?
SPEEDDATING,Mixing and matching?
REAGANOMICS,Supply-side policies tied to a political era
LADIESFIRST,Rule of order?
FARMANIMALS,"Most of the leading characters in ""Babe"""
ANKLEINJURY,Serious setback for a kicker
ROCKLOBSTER,"Novelty B-52's song with the lyric ""Watch out for that piranha"""
STEMTOSTERN,Completely
HIPPOCRATES,Packing boxes for heavyweights?
DEMOSTHENES,Shows a Sega Genesis rival at an expo?
PAJAMAPARTY,Kids' event that goes into the wee hours
THINGAMAJIG,... #7
HOOVERVILLE,Depression-era shantytown
ISAACNEWTON,"Who said ""Aristotle is my friend - but my greatest friend is truth"""
FALSEARREST,Potential charge against a bounty hunter
MONASTERIES,Brothers' keepers
HMSPINAFORE,Gilbert and Sullivan operetta set on a ship
SOLARPLEXUS,*Nerve center in the abdomen that's strongly affected by a punch
EDDIEARCARO,*Hall-of-Fame jockey who won the Triple Crown twice
SURFACEAREA,"*Six times the length of one side squared, for a cube"
SPANISHRICE,Southwest side dish
PAPALPALACE,Official residence at the Vatican
FORTYNINERS,Old rush participants ... or a three-part hint to what can be found in this puzzle's grid or clues
ABRACADABRA,Disappearing word?
USSNAUTILUS,First nuclear-powered submarine
PLAYSITSAFE,Doesn't take any chances
LATINLOVERS,Don Juans
TICKLEDPINK,"Amused the singer of ""Raise Your Glass""?"
ICEBREAKERS,*Many party games
TRUTHORDARE,Slumber party game
SEVENDWARFS,Title characters in Disney's first full-length feature
HANGINTHERE,"""Don't give up now!"""
PAIROFSOCKS,They rarely cover more than two feet in one day
MENTALBLOCK,*Inability to recall something
TAKETHECAKE,Need bakery assistant to ...
CLEARTHEAIR,Need control tower operator to ...
SPLITSECOND,Instant
PUBLICENEMY,"""No. 1"" person"
PALINDROMES,What the ends of the answers to all the starred clues are
BOOKEMDANNO,"*""Hawaii Five-O"" catchphrase"
IMOUTTAHERE,"""Later!"""
MADABOUTYOU,1990s sitcom set in New York
WALTERMITTY,Daydreaming type
POCKETWATCH,Item often with a hinged lid
BLADERUNNER,1982 Harrison Ford sci-fi film
SISTERINLAW,Nun for the defense?
SECRETARIAT,[1973]
BARRIERREEF,Shoreline protector
FALLENANGEL,"Lucifer, notably"
MARINECORPS,Group of companies
ORSONWELLES,Noted director/actor born in May 1915
URBANDESIGN,"Layout of city streets, parks, etc."
ELASTICBAND,Office item suggested visually by this puzzle
NAMECALLING,Some childish insults
TRADINGPOST,"Place to deal in fur, once"
EVENINGSTAR,Venus
RUNNINGATAB,"Drinking now, paying later"
MICKEYMOUSE,Not to be taken seriously
MISSMANNERS,Longtime adviser on dos and don'ts
FRIEDSHRIMP,Crispy seafood dish
SESAMESEEDS,"Sushi coating, maybe"
DONALDTRUMP,"Who said about himself ""Women find his power almost as much of a turn-on as his money"""
CALLLETTERS,Radio station identification
GRACEPERIOD,Time of forgiveness
SHOULDISTAY,"Song by the Clash on Rolling Stone's ""500 Greatest Songs of All Time"" list"
PONYEXPRESS,Enterprise for which a 14-year-old Buffalo Bill worked
WHATSMYLINE,"TV show that popularized the phrase ""Is it bigger than a breadbox?"""
WARRENPEACE,Period when rabbits stop fighting?
KILIMANJARO,Africa's highest peak
JAMESMONROE,President who lived at Oak Hill
OBTUSEANGEL,Lovely but stupid person?
ALANSHEPARD,Man who walked on the moon
INTERROBANG,?!
LEMONADEMIX,"1,009th juice drink?"
SHARONSTONE,"The makeup affected the appearance of all the cast of ""Casino,"" including ___"
HISEMINENCE,What to call a cardinal
REDHOTPOKER,Brand maker?
MINESWEEPER,Classic computer game played on a grid
INEXISTENCE,Living
DETERIORATE,*Airway
OKTOBERFEST,Annual event held in the Theresienwiese
LEDZEPPELIN,Their best-selling (23x platinum) album had no title
DIELAUGHING,Totally break up
PRESENTARMS,Inoculation order?
JOEDIMAGGIO,American athlete born 11/25/1914
ROLLINGPINS,Items for flattening dough
LAUGHINGGAS,Nitrous oxide
NICOLASCAGE,Action star who would make a lousy free-range farmer?
STEVIENICKS,Singer who would make a lousy mohel?
ARCHIPELAGO,"The Bahamas, e.g."
BEATTHEHEAT,Keep cool in summer
PASSIONWEEK,Time leading up to Easter
ADIMEADOZEN,Far from scarce
AVOCADOPEAR,"Guacamole base, in British lingo"
MAGICTRICKS,Legerdemain
BELLYDANCER,Performer who may have a navel decoration
INTERSPERSE,Stick here and there
FOULWEATHER,"Nasty storm, e.g."
DONTSWEATIT,"""No need to worry"""
CLEANSHOUSE,"Kicks everyone out, say"
ACORNSQUASH,Cousin of a zucchini
LOSTINSPACE,1960s sci-fi series
FLIPONESLID,Go crazy ... or a hint on how to enter five answers in this puzzle
INANUTSHELL,Summed up
SAUDIARABIA,It has billions of barrels
BLISTERPACK,Pill holder
LAKEONTARIO,"Member of a ""great"" quintet"
HOLLANDAISE,"Sauce made with butter, egg yolks and lemon juice"
SPOTREMOVER,*Cleaning supply [the Bushes 43]
REXHARRISON,"*""My Fair Lady"" co-star [the Reagans]"
ZEROPERCENT,Chance of an impossibility
JERSEYSHORE,"Former hit TV show with the theme song ""Get Crazy"""
ELLISISLAND,Great Hall locale
SALESTARGET,*Quota for a rep to achieve
ABANDONSHIP,Final order from the captain
SPANISHFLEA,"Theme music for TV's ""The Dating Game"""
DRIVERSSIDE,It's on the left in the U.S. and the right in the U.K.
LITTLEWOMEN,1860s novel that is the basis for this puzzle's theme
SNOOZEALARM,Sleep extender
SAMUELADAMS,Founding father who had a beer named after him
WHITERABBIT,"""Hip-hop"" song of 1967"
AMERICANPIE,"""Country"" song of 1971"
TRADESECRET,"Recipe for KFC chicken, e.g."
HERESJOHNNY,Ed McMahon intro words
OLIVERSTONE,"""Platoon"" director"
COMMONSTOCK,It's not preferred for investors
HIGHTREASON,Grounds for impeachment
TABLEFORTWO,Chart used to calculate a married couple's taxes?
EVERSOSORRY,"""A thousand pardons"""
DICKANDJANE,Primer pair
CORNCOBPIPE,It's made from an ear and put in the mouth
ANCIENTROME,Forum setting
DNAMOLECULE,Bit of a code
BRAINFREEZE,"Cold discomfort, of sorts"
NESTINGSITE,Place to lay an egg
ORANGEPEKOE,Sri Lankan export
TBONESTEAKS,Prized cuts
CHICKENYARD,Area around a henhouse
YOURMAJESTY,Words accompanying a low bow
ADAMSANDLER,A comic and his former show
CINDERBLOCK,Building unit
THINGAMABOB,Doohickey
RADICALSIGN,Square root symbol
LAREDOTEXAS,Southern terminus of I-35
MISSSCARLET,Start of the accusation
MENDINGWALL,"Robert Frost poem that includes ""Good fences make good neighbors"""
CHIVASREGAL,Scotch whisky brand
TOILETWATER,Lightly scented perfume
ARRIVEDERCI,"""Godspeed, Bruno!"""
MUCKETYMUCK,Pooh-bah
LIBERTARIAN,Employee at the Ron Paul Archive?
SADDLESHOES,Bobbysoxer's footwear
THESOPRANOS,Hit show with many hits
DRAFTDODGER,1960s dissident
DOUBLEDUTCH,Jump-rope style
FOURWAYSTOP,What an intersection may have
CHARLEMAGNE,"So-called ""Father of Europe"""
TOOTSIEROLL,Part of a Halloween dinner?
LESEMAJESTE,Attack on sacred custom
WILDATHEART,1990 Nicolas Cage film
THEGRADUATE,1967 Dustin Hoffman film
MAJORLEAGUE,Big time
ORIGINALSIN,"Fall fallout, some believe"
ROCKCONCERT,Rush job?
CUTANDPASTE,Pair of word processors?
IHAVENOIDEA,"One's initial response to this clue, perhaps"
ORIOLESNEST,Suspended avian home
RAPSCALLION,Rogue
CLOTHESLINE,Hang-out locale?
WHATMEWORRY,Mad person's question
LEFTBAHRAIN,"Departed from Manama, maybe?"
NAILCLIPPER,Grooming tool
HABERDASHER,Person who might suit you well?
LEGALTENDER,"Five and ten, e.g."
ROSESARERED,Start of a flower lover's poetic lament
ALUMINUMORE,"Bauxite, e.g."
CORNERSTORE,Local convenience ... or a hint to the words in the circled squares
MUDDYWATERS,"""Hoochie Coochie Man"" singer"
EDGARWINTER,"Rocker with the 1973 #1 hit ""Frankenstein"""
EXITRAMPAGE,"Result of someone yelling ""Fire!"" in a crowded theater?"
ENERGYDRINK,Athlete's booster
OVERTHEEDGE,Flipped out
WELLGROOMED,Neat in appearance
NEILDIAMOND,"""Song Sung Blue"" singer"
MESAARIZONA,Chicago Cubs spring training site
DEPOSITSLIP,Part of a stack at a bank
ROTISSERIES,Cookers for chickens and franks
SPINDOCTORS,Coaches who help you use your wrist in shots?
LOVEHANDLES,"""Nothing"" and ""aught""?"
BULLSESSION,"Impromptu, wide-ranging conversation"
ETHELWATERS,"The second African-American, after Hattie McDaniel, to be nominated for an Oscar"
READYTOWEAR,Off the rack
THUNDERROAD,"Where ""we can make it if we run,"" per Bruce Springsteen (1975)"
BAKERSTREET,"Where ""you'll drink the night away and forget about everything,"" per Gerry Rafferty (1978)"
RECONNOITER,Survey militarily
ROASTMASTER,One getting laughs at others' expense
METROSEXUAL,GQ sort of guy
THISINSTANT,Now
SPEEDOMETER,Dash component
NOTALLTHERE,A few bricks short of a load
POLTERGEIST,Rapper?
THREEFORONE,"A really good offer, say"
PETEROTOOLE,Po boy?
HEARTOFGOLD,"Generous spirit, metaphorically"
NIAVARDALOS,"""My Big Fat Greek Wedding"" writer and star"
GRAVENIMAGE,Carved idol
THATTEARSIT,"""I can't take anymore!"""
HALFANDHALF,Java application?
ANIDIFRANCO,Singer who founded Righteous Babe Records
CHOREOGRAPH,Arrange
JIMIHENDRIX,Musician born 11/27/42
XCHROMOSOME,Almost every man in the world has one
GENERATIONX,Followers of a boom?
WITCHESBREW,"""Macbeth"" recipe"
RAINALCOHOL,What a tosspot fantasizes the clouds would do?
FROFFTONICE,Sports team management group
BEAUBRIDGES,"Actor in ""The Fabulous Baker Boys"""
KATIECOURIC,"Only person to guest-host ""The Tonight Show With Jay Leno"""
YURIGAGARIN,First human in space
MOULINROUGE,Paris cabaret
TOUCHSCREEN,"""You've gotta get your hands on this"" (Knoxville, 1982)"
IGNISFATUUS,Will-o'-the-wisp
STIFLEAYAWN,"Attempt to appear alert, say"
RATATOUILLE,2007
FINDINGNEMO,2003
PERSIANCATS,Some longhairs
CLAIREDANES,"Co-star of Showtime's ""Homeland"""
VENUSDEMILO,A classic beauty who is not all there
CUPIDSARROW,WARNING: Possible heart-related side effects
GORDIANKNOT,WARNING: Cutting tool required
STRESSTESTS,What big banks underwent in 2009
COMETOTERMS,Reach an agreement
STEAMENGINE,Industrial Revolution-era power source
SWISSCHEESE,Monte Cristo ingredient
GAMEOFCHESS,Pastime for Napoleon and Fidel Castro
BUNDLEOFJOY,Woman's package?
HOTPASTRAMI,Stage Deli staple
ISAACASIMOV,Writer who held 14 honorary doctorates
ETHELMERMAN,"1951 Tony winner for ""Call Me Madam"""
MAGICSQUARE,Ancient talisman with mathematical properties
SQUEEZEPLAY,Bunting is part of it
COMPACTDISC,Data storage device
JAMSESSIONS,Occasions to try out riffs
BEARDEDLADY,Hirsute carnival attraction
HIDEANDSEEK,Children's game hinted at by the circled letters
SEAANEMONES,Symbiotic partners of clownfish
TONIBRAXTON,"Multiple Grammy winner who was a contestant on ""Dancing With the Stars"""
WOUNDEDKNEE,South Dakota memorial site
CATCHINALIE,"Trip up, perhaps"
FIRSTAIDKIT,Place for iodine
FOOTINMOUTH,Embarrassingly imprudent
STATESENATE,"One of Washington's houses, e.g."
OVERTHEHILL,"Elderly, so to speak"
SELFRELIANT,Not needing anyone's help
SPEARHEADED,"Initiated, as an undertaking"
NUTCRACKERS,Christmastime productions
TRIALBLAZER,Courtroom jacket?
FLABBERGAST,Bowl over
STATESWOMEN,Leading ladies?
ILTROVATORE,"Opera whose second act is called ""The Gypsy"""
ACTSONESAGE,Stops being infantile
BRAINTEASER,Riddle
TURNONADIME,Change quickly
VACLAVHAVEL,Playwright who became a president
ENTERTAINED,Put on a show
PITCHINGWOO,In romantic pursuit
BAKERSFIELD,California State University campus site
RUBBERNECKS,Causes of some traffic slowdowns
HOUSEKEEPER,Help
MILLEBORNES,Popular card game since 1954
DOWNTOEARTH,Having no illusions or pretensions
ONEMORETIME,Again
UNEMOTIONAL,Stoic
SEVENTYNINE,Elvis's and Mariah's record number of weeks at Billboard's #1
HONEYIMHOME,Stereotypical sitcom greeting
KITTYLITTER,Pet store purchase
RUNNINGMATE,Presidential candidate's #2
CRACKERJACK,"Excellent, slangily"
WHENPIGSFLY,Never
IDAHOPOTATO,"Russet Burbank, e.g."
ORALHISTORY,Researcher's audiotapes and such
SPACEOPERAS,"""Star Wars"" and ""Battlestar Galactica"""
SHIPBISCUIT,Another name for hardtack
SMALLMINDED,Selfish
GAVENOPEACE,Plagued
MUDSLINGING,Activity for a hyperactive barista?
LILYLIVERED,Cowardly
FREEZEFRAME,"""Stop right where you are, picture holder!"""
MAIDOFHONOR,Bride's attendant
RABBITSFOOT,Common key chain adornment
PEGOMYHEART,Classic song about an Irish lass that was a #1 hit in 1913 and 1947
GARDENSPADE,Tool for turning up soil
MADAMIMADAM,Classic introduction
PRAYFORRAIN,Devoutly wish a drought to end
BREADBASKET,Main food-supplying region of a country
WOLFBLITZER,Emmy-winning U.S. journalist born in Germany
MRSROBINSON,"""Here's to you"" recipient"
TAICHICHUAN,Dojo discipline
UPONESALLEY,Suited to a person's strengths
TWISTOFFATE,Unexpected development ... or what the answer to each starred clue contains?
SLOWNEWSDAY,When there's nothing doing
MISSISSIPPI,United States divider
HIGHASAKITE,Wasted
LATEARRIVAL,"One who was detained, maybe"
MRSMALAPROP,"""She's as headstrong as an allegory on the banks of Nile"" speaker"
MASSTRANSIT,Commuter trains in Boston?
BRASSMONKEY,"Rum, vodka and orange juice drink"
MARTINSHORT,"""S.N.L."" alum who co-starred in ""Three Amigos!"""
SCREWDRIVER,Tool belt tool
LIBERALARTS,They're not technical
FLATSTOMACH,Result of good middle management?
GREATPLAINS,"It's known as ""the Prairies"" in Canada"
MANBITESDOG,Proverbially newsworthy item
NETEARNINGS,Profits
POSTNOBILLS,Sign on a construction site fence
REVERSESIDE,Back
MENTALIMAGE,Picture in one's head
OCEANBOTTOM,Seabed
OUTERPLANET,"Saturn, for one"
SEIZETHEDAY,"""Carpe diem"""
ROCOCOSTYLE,What Chippendale furniture was made in
BLOCKBUSTER,Smash hit
STATEPOLICE,Highway troopers
SWITCHBLADE,"""West Side Story"" fight scene prop"
CHOPINSPREE,Romantic overindulgence in nocturnes and mazurkas?
HAYDNGOSEEK,Part of a children's game with the Father of the Symphony?
ELSIETHECOW,Company mascot introduced in the 1930s that has never been put out to pasture
OCCAMSRAZOR,Cutting edge of science?
GROUCHOMARX,"He said ""I was married by a judge. I should have asked for a jury"""
BROKENHEART,"Lover's woe ... or something found, literally, in the 4th, 5th, 8th and 11th rows of this puzzle"
ABBREVIATED,Short-term?
BIZETSIGNAL,Command to a French composer at an intersection?
SNOWLEOPARD,Asian cat
DUPLICATORS,"Mimeographs, e.g."
CHAIRPERSON,Presider at a meeting
CIRCULARSAW,Woodworking tool created by Tabitha Babbitt (1784-1853)
CAINANDABEL,Genesis duo
ROLLINGINIT,*The aisles
TOWNANDGOWN,"Campus/off-campus community, collectively"
RAISEASTINK,Complain loudly
JUSTTHESAME,Despite everything
XAVIERCUGAT,Entertainer who was the first man to be married at Caesars Palace
INTHEPOCKET,"""Now he remembers setting $10 aside for pizza - he searches his jacket and finds it ___"""
QUARTERBACK,"""The pizza is $9.75 ... he hands the $10 off to the boy and waits for the ___"""
STEMTHETIDE,Slow an increase
WATERLILIES,Pad producers
IRISMURDOCH,"Author of ""The Sea, the Sea"""
COCKANDBULL,"One word that precedes ""pit,"" one that follows it"
CRIMSONTIDE,Tigers' rival in the Southeastern Conference
FALCONCREST,1980s soap opera set at a winery
DUALEXHAUST,Feature of many muscle cars
READINGROOM,Library area
RAMPUPSALES,Increase business
HAMMERTHROW,Olympic track-and-field event
CHEESECLOTH,Loosely woven cotton fabric
DIAMONDHEAD,Hawaiian landmark
DIAMONDRING,Union symbol?
VALLEYFORGE,Washington locale
NATALIEWOOD,"""Rebel Without a Cause"" actress"
SISSYSPACEK,"Player of one of the women in Robert Altman's ""3 Women"""
HOTCROSSBUN,Lenten treat
AUTOREVERSE,Tape deck convenience
PENNSTATION,"Its clock was featured in the 1945 film ""The Clock"""
RANDOMORDER,Shuffling goal
DAMNYANKEES,Modern retelling of the Faust legend
JOHNQPUBLIC,American everyman
GREENWITHNV,Jealous
NIGHTINGALE,*Nocturnal songster
ALBUQUERQUE,"Home of the annual Gathering of Nations powwow, the world's largest celebration of Native American culture"
JACKDEMPSEY,First athlete to appear on the cover of Time magazine
ORANGECRUSH,Popular Fanta-like soda
GHOSTWRITER,Many an autobiographer's need
ORANGERINDS,Juicer remnants
NOWANDAGAIN,*At times
BROWNBAGGER,"*One not using the company cafeteria, maybe"
DYLANTHOMAS,"""I've had 18 straight whiskies. I think that's the record"""
RANTANDRAVE,Carry on
PEARLYGATES,Setting of many New Yorker cartoons
PAPERPUSHER,*Routine-bound bureaucrat
SOPHIALOREN,"""Arabesque"" actress, 1966"
ATANIMPASSE,Stuck
YOURESOVAIN,1972 Carly Simon hit
MARKMYWORDS,"""Just you wait!"""
PARTNERSHIP,Yacht in a time-share?
RUNNINGBEAR,"""Young Indian brave"" in a 1960 Johnny Preston #1 hit"
INTHESPRING,"Poem, part 2"
ISWHOLESOME,"Poem, part 3"
TRYTRYAGAIN,"""Keep going!"""
NEVERSAYDIE,"""Keep going!"""
PINKPANTHER,"Inspector Clouseau movie, with ""The"""
INCOHERENCE,Babble
ALUMINUMCAN,Recyclable
NOWHEARTHIS,"Captain's ""Listen up!"""
TAKEYOURPIC,Command to a photog?
NEUTRALZONE,*Where everyone wears beige?
MIDNIGHTSUN,Seasonal Arctic phenomenon
OFTHEEISING,Musical that inspired Redding?
NECKANDNECK,How Goldin and her rivals finish in photography competitions?
RADIOSOURCE,"Pulsar, e.g."
EARPIERCING,Shrill
PEACOCKBLUE,Shade close to azure
IMLISTENING,"""Go ahead with your proposal"""
LIBERTYPOLE,Symbol of dissent against British rule
BALLOTBOXES,Sights at polling places
CLASSACTION,Certain lawsuit
TALKISCHEAP,Words to a blowhard
BANGORMAINE,City on the Penobscot River
QUEENMOTHER,Beloved figure in England
GASSTATIONS,Shell locations
FELLTOEARTH,"David Bowie: ""The Man Who ___"" (1976)"
MUMSTHEWORD,"""Shhhh!"""
TOOTHENAMEL,Canine coat
ZSAZSAGABOR,"She opined ""Macho does not prove mucho"""
DINNERDATES,"Restaurant parties, often"
NOTEPASSERS,Clandestine classroom communicators
PICTURESHOW,Cinema offering
LIFTAFINGER,Do anything to help
REDSKELETON,Boiled lobster's feature?
ONEMANBANDS,Versatile performers
NEWSPAPERAD,Pitch between columns
ROUGEETNOIR,Solitaire card game
MISSINGLYNX,Lost bobcat?
BUMPERCROPS,Good farming results
MARKETSHARE,Measure of a company's dominance
QUICKSILVER,Mercury
HAIRTRIGGER,"Easily set off, as a temper"
TALENTSCOUT,Discoverer of stars?
MISTERMAGOO,*Myopic cartoon fellow
THIRDDEGREE,Grilling
EMPTYHANDED,Bearing nothing
SPLASHGUARD,Big flap on the road?
EDGARBERGEN,"Dedicatee of ""The Muppet Movie"""
THERMOMETER,Turkey insert
ROADWARRIOR,Frequent business traveler
STALACTITES,They hang from the roof
DISHEARTENS,Depresses
CATANDMOUSE,Something to play
TEACHERSPET,Target of a school bully
TENNISSHOES,Some court attire
BAKERSDOZEN,13
ASIANFUSION,Cuisine that may be served with a chork
BOBBYKNIGHT,Hoops coach with the most N.C.A.A. Division I wins
ONTHEDOCKET,Scheduled
PARENTHESES,90
CALFMUSCLES,They're exercised when cycling
HATCHETFACE,*Forbidding countenance
HARDHEARTED,*Lacking compassion
ANTIOXIDANT,"Beneficial substance in fruits, vegetables and tea"
RAINYSEASON,Bad time for a tropical vacation
GIVEMEABUZZ,"""Call when you get the chance"""
SHAGCARPETS,You can sink your feet into them
CAKESANDALE,"1930 novel that takes its title from Shakespeare's ""Twelfth Night"""
FIRSTSTRIKE,Attack before being attacked
SALLYSFIELD,Game location for an actress?
STREETLAMPS,"Lights on posts, perhaps"
DOMOARIGATO,"Japanese ""thank you very much"""
HALLUCINATE,Sense the unreal
THIRDESTATE,Commoners
WHOSONFIRST,Classic Abbott and Costello bit
INNERCIRCLE,Influential group
MRBOJANGLES,"1971 hit with the lyric ""He danced for those at minstrel shows"""
PLAYSAROUND,Clowns
BELLBOTTOMS,Some 1960s-'70s attire
ITALIASHIRE,"""A County in la Nazione: Autobiography of a 'Godfather' Star"""
IRONDARLING,"""Unyielding Sweetheart: Autobiography of a Big-League Pitcher"""
CLAUDERAINS,"Captain Renault player in ""Casablanca"""
TYRONEPOWER,"*Ava Gardner's co-star in ""The Sun Also Rises"""
HOLDTHEMAYO,*Deli request
HONEYSUCKLE,Woodbine or twinberry
ELECTRICEYE,Sensor
WATERCOOLER,Dispenser of gossip?
PETERRABBIT,Intruder in Mr. McGregor's garden
MOTHERGOOSE,Some bedtime reading
ALBERTVILLE,Where women's biathlon was introduced as a medal event
BROADWAYJOE,Nickname for Namath
HELLSANGELS,Group that shares its name with a 1930 Howard Hughes film
SPOTWELDERS,Torch carriers
GUESSTIMATE,Seat-of-the-pants figure
WARMWELCOME,"Greeting with a hug and a kiss, say"
SHEASTADIUM,Queens place
NONONANETTE,"1920's musical with the sequel ""Yes, Yes, Yvette"""
SLAMDANCERS,Concertgoers getting into the hits?
LIBERTYBELL,Historic symbol whose shape can be found hidden in this completed puzzle
PANICBUTTON,Emergency response initiator
JOHNKENNEDY,Speaker of the quote
PHILDONAHUE,Ph.D. in Communications?
BATTLECREEK,"Michigan city of 50,000 that's home to a Fortune 500 company"
THEANSWERIS,"""Jeopardy!"" phrase"
GREENPEPPER,1/2 cup
TAPEMEASURE,Rule that can be bent
PANTSPOCKET,Lint collector?
POODLESKIRT,"""Neato"" 50's fashion"
CAMOMILETEA,Twinings offering
THEKINGANDI,"Musical with the song ""Shall We Dance?"""
IOOOISLANDS,Resort area on the U.S./Canada border
CABCALLOWAY,Renowned bandleader at the Cotton Club
ARABCOUNTRY,Jordan or Iraq
FOREORDAINS,Fates
CUTTHECARDS,The hair stylist tried to
ORANGEJUICE,Breakfast beverage
TOASTEROVEN,Handy kitchen cooker
RITEOFWEIGH,Prefight ceremony?
TURNTHETIDE,Change defeat into victory
PAPERTRAILS,White-collar crime investigators follow them
LOOPTHELOOP,Airshow staple
HISHOLINESS,Pope's title
BILLIONAIRE,Forbes 400 listee
CLEARHEADED,Sober
FREEANDEASY,Happy-go-lucky
SEALTHEDEAL,Conclude negotiations
FILLTHEBILL,Be just what's needed
LUCYLAWLESS,"Actress in ""Hercules and the Amazon Women"""
MUTTONCHOPS,Comic strip character's book about butchers' cuts?
STEPHENKING,"""I am the literary equivalent of a Big Mac and fries"""
SWEENEYTODD,1979 musical about a half-mad barber
LEAPOFFAITH,Acceptance sans proof
BRONZEMEDAL,Award for showing
CARMECHANIC,One who may adjust a belt
RADICALCHIC,Tom Wolfe catchphrase popularized in the 1970's
BARNEYFRANK,Longtime Massachusetts congressman
LABOROFLOVE,Usually low-paying work
ELLERYQUEEN,Pseudonym in detective fiction
SLEEPINGBAG,Camp sight
MAKESASCENE,"Gets noticed, as an actor?"
MISSAMERICA,Tiara wearer
ORAPRONOBIS,Ave Maria phrase
SAVEMEASEAT,Tardy attendee's request
SEASCALLOPS,"The ""surf"" in some surf 'n' turf dinners"
CLANDESTINE,Under the table
SHAKESPEARE,The Bard
HAIRRAISING,Very scary
ELBOWGREASE,Hard work
CHARLIECHAN,Laughing fictional detective?
SETSTHEPACE,Has an early lead
NEWBORNBABY,Maternity ward arrival
CATCHAFEWZS,Be out briefly?
TOUTDESUITE,"""Pronto!"""
SLEEPINGCAR,Option for some long trips
KIERKEGAARD,Danish theologian (speller's nightmare #1)
STAGEFRIGHT,It may interfere with delivery
INCIDENTALS,Minor expenses
SHOELESSJOE,Jackson moniker
POORRICHARD,"""Eat to live, not live to eat"" penner"
ELDERHOSTEL,Organizer of senior field trips
COUNTRYCLUB,Golf locale
MURPHYBROWN,Candice Bergen role
MAUVEDECADE,The 1890's
COLDCOMFORT,Scarce consolation
YESWEREOPEN,Store sign
COWBOYBOOTS,Ranch wear
DIVININGROD,Water locator
KNUCKLEDOWN,Get serious
SHENANIGANS,Monkey business
UPTOSCRATCH,Meeting all requirements
CHIPPEDBEEF,Mistreated meat?
DAMONRUNYON,Sky Masterson's creator
TRUSTBUSTER,Rely on comic Keaton?
SCENICDRIVE,"Coastal highway, say"
TURKEYSHOOT,Marksmanship contest
EARFORMUSIC,Arranger's asset
LAMEEXCUSES,They're not to be believed
POPLARTREES,Cottonwoods
CUCKOOCLOCK,Aviary timekeeper?
CAULIFLOWER,Member of the mustard family
SPRUCEGOOSE,Attraction at the Evergreen Aviation Museum
SEEEYETOEYE,Concur
ESTATETAXES,Survivors' concerns
LABORLEADER,"Lane Kirkland of the AFL-CIO, e.g."
ALLAMERICAN,Elite athlete
NEPLUSULTRA,Very best
CRAZYEIGHTS,Kids' card game
MACHIAVELLI,Cunning and deceptive one
THEREYOUARE,Exclamation after completing an explanation
PARTYPOOPER,Wet blanket
SETTHESTAGE,Prepare
BITTERSWEET,Like some memories
OUTOFAFRICA,Oscar-winning Meryl Streep film
GIVEITAREST,Turndown #8
CLIFFHANGER,"""Dallas,"" e.g., famously"
ROBERTFROST,Much-quoted poet
CHEESEHEADS,Green Bay Packers fans
HARRYPOTTER,Fictional wizard who studies at Hogwarts
PENNYLOAFER,"___, Shoe Salesman"
BOXERSHORTS,Alternative to briefs
AFGHANISTAN,"Part of Alexander the Great's conquest, today"
BUFFALOBILL,Ned Buntline gave him his nickname
EMERALDCITY,Wizard's home
AIRAPPARENT,Smog?
ASYOULIKEIT,Shakespearean play with the clown Touchstone
BACKBREAKER,Torturous task
OVERANDOVER,Repeatedly
YELLOWBELLY,Coward
CALLINGCARD,"""Hi. It's me. Mark McGwire."""
CROSSSTITCH,Bit of embroidery
TINYBUBBLES,Don Ho's theme song
EMMETTKELLY,Memorable Big Top star born 12/8/1898
GETTOGETHER,"Query, part 3"
NOSTRADAMUS,Forward-looking man?
WALTWHITMAN,"""Leaves of Grass"" poet"
CHICKENFEED,Trifling amount
LEONTROTSKY,Marxist exiled by Stalin
GUTTERSNIPE,Street urchin
COUPDEGRACE,Finishing touch
OVERBEARING,Domineering
PUSSYWILLOW,Dry bouquet item
FRENCHFRIES,"Chips, to Mr. Chips"
WOLFMANJACK,"Big name in radio, once"
CHATTANOOGA,"Grant vs. Bragg, Nov. 1863"
CHICKAMAUGA,"Rosecrans vs. Bragg, Sept. 1863"
EDWARDALBEE,Three-time Pulitzer-winning playwright
SANTAISABEL,"Capital of Equatorial Guinea, formerly"
TABLEHOPPER,Restaurant gadabout
TEENYBOPPER,Adolescent rock fan
MILTONBERLE,"""Texaco Star Theater"" host"
KINGSTEMPLE,Area near the crown
HEARTLESSLY,"""Get lost, Toto!"" shouted the Tin Man ___"
GREENBERETS,Army Vietnam group
FORGETMENOT,Alaska's state flower
COUNTERMAND,Rescind
FILTHYLUCRE,Ill-gotten gains
PREACHERROE,Brooklyn pitching legend
SKIPTOMYLOU,Old-time dancing song
SODACRACKER,Thin snack
IRISHSETTER,Hunting dog
OCEANLINERS,Queen Elizabeth and others
DAYAFTERDAY,Continually
TRENDSETTER,Stylish canine?
SECRETAGENT,Poser
MOTHEREARTH,Nature personified
PANAMACANAL,Opening of 1914
